LAST_NAME,FIRST_NAME,FULL_NAME
1,Aaben,Jaak,Aaben Jaak
2,Aadde,Mats,Aadde Mats
3,Aarnio,Riina,Aarnio Riina
4,Aasberg,Erik,Aasberg Erik
5,Abrahamsson,Ann,Abrahamsson Ann
6,Adielsson,Anna,Adielsson Anna
7,Johansson,Lars,Johansson Lars